{"name":"388302cc-fd09-4b80-a95f-ac49fd7b47da","id":"/providers/Microsoft.Flow/flows/388302cc-fd09-4b80-a95f-ac49fd7b47da","type":"Microsoft.Flow/flows","properties":{"apiId":"/providers/Microsoft.PowerApps/apis/shared_logicflows","displayName":"【お試し用】Azure仮想マシン作成ワークフロー","definition":{"metadata":{"workflowEntityId":null,"flowclientsuspensionreason":"None","flowclientsuspensiontime":null,"creator":{"id":"53c0239a-f24d-4402-8146-7b4717668ddd","type":"User","tenantId":"f0fc3249-34ec-4895-a69b-d0c6c096c906"},"provisioningMethod":"FromDefinition","failureAlertSubscription":true,"clientLastModifiedTime":"2020-11-09T00:02:32.2512352Z"},"$schema":"https://schema.management.azure.com/providers/Microsoft.Logic/schemas/2016-06-01/workflowdefinition.json#","contentVersion":"1.0.0.0","parameters":{"$connections":{"defaultValue":{},"type":"Object"},"$authentication":{"defaultValue":{},"type":"SecureObject"}},"triggers":{"Azure仮想マシン作成申請Formsを選択(トリガー)":{"splitOn":"@triggerOutputs()?['body/value']","type":"OpenApiConnectionWebhook","inputs":{"host":{"apiId":"/providers/Microsoft.PowerApps/apis/shared_microsoftforms","connectionName":"shared_microsoftforms","operationId":"CreateFormWebhook"},"parameters":{"form_id":"STL88Ow0lUimm9DGwJbJBpojwFNN8gJEgUZ7Rxdmjd1UNDYzNllGNE9YVlBPSVVXUjQ5UVNJMUo3Ry4u"},"authentication":"@parameters('$authentication')"}}},"actions":{"Azure仮想マシン作成申請Formsを選択(申請情報取得)":{"runAfter":{"ID_変数を初期化する":["Succeeded"]},"type":"OpenApiConnection","inputs":{"host":{"apiId":"/providers/Microsoft.PowerApps/apis/shared_microsoftforms","connectionName":"shared_microsoftforms","operationId":"GetFormResponseById"},"parameters":{"form_id":"STL88Ow0lUimm9DGwJbJBpojwFNN8gJEgUZ7Rxdmjd1UNDYzNllGNE9YVlBPSVVXUjQ5UVNJMUo3Ry4u","response_id":"@triggerOutputs()?['body/resourceData/responseId']"},"authentication":"@parameters('$authentication')"}},"日本時間へ変更タイム_ゾーンの変換":{"runAfter":{"Azure仮想マシン作成申請Formsを選択(申請情報取得)":["Succeeded"]},"type":"Expression","kind":"ConvertTimeZone","inputs":{"baseTime":"@outputs('Azure仮想マシン作成申請Formsを選択(申請情報取得)')?['body/submitDate']","formatString":"s","sourceTimeZone":"UTC+12","destinationTimeZone":"Tokyo Standard Time"}},"【申請者】ユーザー_プロフィールの取得_(V2)":{"runAfter":{"日本時間へ変更タイム_ゾーンの変換":["Succeeded"]},"type":"OpenApiConnection","inputs":{"host":{"apiId":"/providers/Microsoft.PowerApps/apis/shared_office365users","connectionName":"shared_office365users","operationId":"UserProfile_V2"},"parameters":{"id":"@outputs('Azure仮想マシン作成申請Formsを選択(申請情報取得)')?['body/responder']"},"authentication":"@parameters('$authentication')"}},"【承認者】ユーザー_プロフィールの取得_(V2)":{"runAfter":{"【申請者】ユーザー_プロフィールの取得_(V2)":["Succeeded"]},"type":"OpenApiConnection","inputs":{"host":{"apiId":"/providers/Microsoft.PowerApps/apis/shared_office365users","connectionName":"shared_office365users","operationId":"UserProfile_V2"},"parameters":{"id":"@outputs('Azure仮想マシン作成申請Formsを選択(申請情報取得)')?['body/r7de96e908f9b4a628bdac10a91338e88']"},"authentication":"@parameters('$authentication')"}},"SharePoint_作成台帳を指定(項目により必要情報を入力)":{"runAfter":{"【承認者】ユーザー_プロフィールの取得_(V2)":["Succeeded"]},"type":"OpenApiConnection","inputs":{"host":{"apiId":"/providers/Microsoft.PowerApps/apis/shared_sharepointonline","connectionName":"shared_sharepointonline","operationId":"PostItem"},"parameters":{"dataset":"https://iimhs365.sharepoint.com/sites/m365_test","table":"e9072574-e22e-4235-8a1a-3ea89c0c13e6","item/OData__x4f9d__x983c__x5185__x5bb9_/Value":"@outputs('Azure仮想マシン作成申請Formsを選択(申請情報取得)')?['body/re55ea3b948cc494e897389090fe9bf8c']","item/OData__x30b9__x30c6__x30fc__x30bf__x30/Value":"承認待ち","item/OData__x5e0c__x671b__x65e5_":"@outputs('Azure仮想マシン作成申請Formsを選択(申請情報取得)')?['body/r532fe49fcd534b27857b8a213bc5aaaa']","item/OData__x7533__x8acb__x7406__x7531_":"@outputs('Azure仮想マシン作成申請Formsを選択(申請情報取得)')?['body/rb94e057db3cc4f158fc709bb276d5f5f']","item/OData__x4f9d__x983c__x8005_":"@outputs('【申請者】ユーザー_プロフィールの取得_(V2)')?['body/displayName']","item/OData__x4f9d__x983c__x8005__x30a2__x30":"@outputs('【申請者】ユーザー_プロフィールの取得_(V2)')?['body/mail']","item/OData__x627f__x8a8d__x8005_/Claims":"@outputs('【承認者】ユーザー_プロフィールの取得_(V2)')?['body/displayName']","item/OData__x30ea__x30bd__x30fc__x30b9__x30":"@outputs('Azure仮想マシン作成申請Formsを選択(申請情報取得)')?['body/r472e249cd45c40039ee0f46c9653137b']","item/Azure_x30b3__x30f3__x30bd__x30fc":"@outputs('Azure仮想マシン作成申請Formsを選択(申請情報取得)')?['body/rcfe81e5f38b94bbfb22ed57a824848d1']","item/OData__x30db__x30b9__x30c8__x540d_":"@outputs('Azure仮想マシン作成申請Formsを選択(申請情報取得)')?['body/r1a27cf190ac348e4b889005f3eb06d09']","item/OS":"@outputs('Azure仮想マシン作成申請Formsを選択(申請情報取得)')?['body/radf5dec8754448a58018a7124eaf2215']","item/OData__x4eee__x60f3__x30de__x30b7__x30":"@outputs('Azure仮想マシン作成申請Formsを選択(申請情報取得)')?['body/r5e82d2861d92403cafe7951c83bd0d5c']","item/OData__x30ed__x30fc__x30ab__x30eb__x30":"@outputs('Azure仮想マシン作成申請Formsを選択(申請情報取得)')?['body/r19074c7b1c2d4c39a31854d3f5d49655']","item/OData__x30ed__x30fc__x30ab__x30eb__x300":"@outputs('Azure仮想マシン作成申請Formsを選択(申請情報取得)')?['body/r969c2edb39b8474d90df954a575f910e']","item/OData__x30ed__x30fc__x30ab__x30eb__x301":"@outputs('Azure仮想マシン作成申請Formsを選択(申請情報取得)')?['body/rc64d8d83d018492da34480b6535c7ea3']","item/OData__x5099__x8003_":"@outputs('Azure仮想マシン作成申請Formsを選択(申請情報取得)')?['body/re30db843919142759a782f0b66afaf11']"},"authentication":"@parameters('$authentication')"}},"承認を作成":{"runAfter":{"ID_変数の設定":["Succeeded"]},"type":"OpenApiConnection","inputs":{"host":{"apiId":"/providers/Microsoft.PowerApps/apis/shared_approvals","connectionName":"shared_approvals","operationId":"CreateAnApproval"},"parameters":{"approvalType":"Basic","ApprovalCreationInput/title":"【承認依頼】 @{outputs('SharePoint_作成台帳を指定(項目により必要情報を入力)')?['body/OData__x4f9d__x983c__x5185__x5bb9_/Value']} @{outputs('【申請者】ユーザー_プロフィールの取得_(V2)')?['body/displayName']}","ApprovalCreationInput/assignedTo":"@outputs('【承認者】ユーザー_プロフィールの取得_(V2)')?['body/mail']","ApprovalCreationInput/details":"新規承認依頼がありました。 \n ' \n<依頼内容>  \n依頼者　　：  \nアドレス　：  \n依頼区分　：  \n依頼内容　：  \n申請理由　：  \n依頼対象　：  ","ApprovalCreationInput/requestor":"@outputs('SharePoint_作成台帳を指定(項目により必要情報を入力)')?['body/OData__x627f__x8a8d__x8005_/Email']","ApprovalCreationInput/enableNotifications":true,"ApprovalCreationInput/enableReassignment":true},"authentication":"@parameters('$authentication')"}},"Temasでの承認依頼送付":{"foreach":"@outputs('承認を作成')?['body/approvers']","actions":{"独自のアダプティブ_カードをフロー_ボットとしてユーザーに投稿する":{"runAfter":{},"metadata":{"flowSystemMetadata":{"swaggerOperationId":"PostUserAdaptiveCard"}},"type":"ApiConnection","inputs":{"host":{"connection":{"name":"@parameters('$connections')['shared_teams']['connectionId']"},"api":{"runtimeUrl":"https://japan-001.azure-apim.net/apim/teams"}},"method":"post","body":{"recipient":{"to":"@{items('Temasでの承認依頼送付')?['email']};","summary":"新規承認依頼がありました。  <br>\n  \n<依頼内容>  <br>\n依頼者　　：  <br>\nアドレス　：  <br>\n依頼区分　：  <br>\n依頼内容　：  <br>\n申請理由　：  <br>\n依頼対象　：  <br>"},"messageBody":"@outputs('承認を作成')?['body/adaptiveCard']"},"path":"/flowbot/actions/adaptivecard/recipienttypes/user","authentication":"@parameters('$authentication')"}}},"runAfter":{"承認を作成":["Succeeded"]},"type":"Foreach"},"承認を待機":{"runAfter":{"Temasでの承認依頼送付":["Succeeded"]},"type":"OpenApiConnectionWebhook","inputs":{"host":{"apiId":"/providers/Microsoft.PowerApps/apis/shared_approvals","connectionName":"shared_approvals","operationId":"WaitForAnApproval"},"parameters":{"approvalName":"@outputs('承認を作成')?['body/name']"},"authentication":"@parameters('$authentication')"}},"承認、否認判定":{"actions":{"承認の送付(Teams)":{"runAfter":{},"type":"OpenApiConnection","inputs":{"host":{"apiId":"/providers/Microsoft.PowerApps/apis/shared_teams","connectionName":"shared_teams","operationId":"PostUserNotification"},"parameters":{"PostNotificationRequest/recipient/to":"@{outputs('【申請者】ユーザー_プロフィールの取得_(V2)')?['body/mail']};","PostNotificationRequest/messageBody":"以下申請が、上長より承認されました。  \n作業担当者からの連絡をお待ちください。  \n'  \n<依頼内容>  \n依頼者　　：  \nアドレス　：  \n依頼内容　：  \n申請理由　：  ","PostNotificationRequest/messageTitle":"【承認】@{outputs('SharePoint_作成台帳を指定(項目により必要情報を入力)')?['body/OData__x4f9d__x983c__x5185__x5bb9_/Value']} @{outputs('【申請者】ユーザー_プロフィールの取得_(V2)')?['body/displayName']}"},"authentication":"@parameters('$authentication')"}},"作業者への承認連絡":{"runAfter":{"承認ステータスの更新(承認)":["Succeeded"]},"type":"OpenApiConnection","inputs":{"host":{"apiId":"/providers/Microsoft.PowerApps/apis/shared_teams","connectionName":"shared_teams","operationId":"PostMessageToChannelV3"},"parameters":{"groupId":"40b8f657-ff6b-462a-b7fd-d8467d71d4c7","channelId":"19:ba7289c8b9874c61a59f2d6e47a344b6@thread.tacv2","body/body/content":"<p>以下申請が、上長より承認されました &nbsp;　<br>\n作業を開始してください。 &nbsp;<br>\n' &nbsp;<br>\n&lt;依頼内容&gt; &nbsp;<br>\n依頼者　　：<br>\nアドレス　： &nbsp;<br>\n依頼内容　： &nbsp;<br>\n申請理由　： &nbsp;</p>","body/subject":"インシデントID： @{outputs('SharePoint_作成台帳を指定(項目により必要情報を入力)')?['body/ID']}　タイトル：@{outputs('SharePoint_作成台帳を指定(項目により必要情報を入力)')?['body/Title']}"},"authentication":"@parameters('$authentication')"}},"承認の送付(メール)":{"runAfter":{"承認の送付(Teams)":["Succeeded"]},"metadata":{"flowSystemMetadata":{"swaggerOperationId":"SendEmailV2"}},"type":"ApiConnection","inputs":{"host":{"connection":{"name":"@parameters('$connections')['shared_office365']['connectionId']"},"api":{"runtimeUrl":"https://japan-001.azure-apim.net/apim/office365"}},"method":"post","body":{"To":"test@test.co.jp","Subject":"【承認】@{outputs('SharePoint_作成台帳を指定(項目により必要情報を入力)')?['body/Title']} @{outputs('SharePoint_作成台帳を指定(項目により必要情報を入力)')?['body/OData__x4f9d__x983c__x5185__x5bb9_']}","Body":"<p>以下申請が、上長より承認されました。<br>\n作業担当者からの連絡をお待ちください。<br>\n<br>\n&lt;依頼内容&gt;<br>\n依頼者　　： &lt;br&gt;<br>\nアドレス　： &lt;br&gt;<br>\n依頼内容　： &lt;br&gt;<br>\n申請理由　： &lt;br&gt;</p>"},"path":"/v2/Mail","authentication":"@parameters('$authentication')"}},"承認ステータスの更新(承認)":{"runAfter":{"承認の送付(メール)":["Succeeded"]},"metadata":{"flowSystemMetadata":{"swaggerOperationId":"PatchItem"}},"type":"ApiConnection","inputs":{"host":{"connection":{"name":"@parameters('$connections')['shared_sharepointonline_1']['connectionId']"},"api":{"runtimeUrl":"https://japan-001.azure-apim.net/apim/sharepointonline"}},"method":"patch","body":{"OData__x30b9__x30c6__x30fc__x30bf__x30":{"Value":"作業中"}},"path":"/datasets/@{encodeURIComponent(encodeURIComponent('https://iimhs365.sharepoint.com/sites/m365_test'))}/tables/@{encodeURIComponent(encodeURIComponent('e9072574-e22e-4235-8a1a-3ea89c0c13e6'))}/items/@{encodeURIComponent(outputs('SharePoint_作成台帳を指定(項目により必要情報を入力)')?['body/ID'])}","authentication":"@parameters('$authentication')"}},"AzureVM_Sizeの置換読み込み":{"runAfter":{"作業者への承認連絡":["Succeeded"]},"metadata":{"01TOGEZYHEGS7PYBFAHZFIXOAPHXHTSDBZ":"/13_Azure_VM自動化/05_list/OS_Size一覧.xlsx","flowSystemMetadata":{"swaggerOperationId":"GetItem"},"01TOGEZYBLX3ODMVEAV5AYLCZ5ABGOLM7P":"/13_Azure_VM自動化/05_list/Size一覧.xlsx"},"type":"ApiConnection","inputs":{"host":{"connection":{"name":"@parameters('$connections')['shared_excelonlinebusiness']['connectionId']"},"api":{"runtimeUrl":"https://japan-001.azure-apim.net/apim/excelonlinebusiness"}},"method":"get","path":"/drives/@{encodeURIComponent('b!l-O4y6YEA0K16a313-wYeMKdGijvQZxKvHubnjtTrTNuoO_hT1QZTo3hBZwu2TOP')}/files/@{encodeURIComponent('01TOGEZYBLX3ODMVEAV5AYLCZ5ABGOLM7P')}/tables/@{encodeURIComponent('{5A04321C-079A-4D33-802B-CA154A5E6E25}')}/items/@{encodeURIComponent(encodeURIComponent(outputs('SharePoint_作成台帳を指定(項目により必要情報を入力)')?['body/OData__x4eee__x60f3__x30de__x30b7__x30']))}","queries":{"source":"groups/40b8f657-ff6b-462a-b7fd-d8467d71d4c7","idColumn":"Forms(Size)"},"authentication":"@parameters('$authentication')","retryPolicy":{"type":"fixed","count":90,"interval":"PT05S"}}},"AzureVM_OSの置換読み替え":{"runAfter":{"AzureVM_Sizeの置換読み込み":["Succeeded"]},"metadata":{"01TOGEZYHEGS7PYBFAHZFIXOAPHXHTSDBZ":"/13_Azure_VM自動化/05_list/OS一覧.xlsx","flowSystemMetadata":{"swaggerOperationId":"GetItem"}},"type":"ApiConnection","inputs":{"host":{"connection":{"name":"@parameters('$connections')['shared_excelonlinebusiness']['connectionId']"},"api":{"runtimeUrl":"https://japan-001.azure-apim.net/apim/excelonlinebusiness"}},"method":"get","path":"/drives/@{encodeURIComponent('b!l-O4y6YEA0K16a313-wYeMKdGijvQZxKvHubnjtTrTNuoO_hT1QZTo3hBZwu2TOP')}/files/@{encodeURIComponent('01TOGEZYHEGS7PYBFAHZFIXOAPHXHTSDBZ')}/tables/@{encodeURIComponent('{DC34CB12-85F7-42E9-8F59-7028BB8ADB6E}')}/items/@{encodeURIComponent(encodeURIComponent(outputs('SharePoint_作成台帳を指定(項目により必要情報を入力)')?['body/OS']))}","queries":{"source":"groups/40b8f657-ff6b-462a-b7fd-d8467d71d4c7","idColumn":"Forms(OS)"},"authentication":"@parameters('$authentication')","retryPolicy":{"type":"fixed","count":90,"interval":"PT05S"}}},"テンプレートファイル情報取得":{"runAfter":{"テンプレートへの反映待ち":["Succeeded"]},"metadata":{"flowSystemMetadata":{"swaggerOperationId":"GetFileItems"}},"type":"ApiConnection","inputs":{"host":{"connection":{"name":"@parameters('$connections')['shared_sharepointonline_1']['connectionId']"},"api":{"runtimeUrl":"https://japan-001.azure-apim.net/apim/sharepointonline"}},"method":"get","path":"/datasets/@{encodeURIComponent(encodeURIComponent('https://iimhs365.sharepoint.com/sites/m365_test'))}/tables/@{encodeURIComponent(encodeURIComponent('e1efa06e-544f-4e19-8de1-059c2ed9338f'))}/getfileitems","queries":{"folderPath":"/Shared Documents/13_Azure_VM自動化/00_フォーマット","$top":100},"authentication":"@parameters('$authentication')"}},"テンプレートファイルのコピー":{"foreach":"@body('テンプレートファイル情報取得')?['value']","actions":{"ファイル_コンテンツの取得":{"runAfter":{},"metadata":{"flowSystemMetadata":{"swaggerOperationId":"GetFileContent"}},"type":"ApiConnection","inputs":{"host":{"connection":{"name":"@parameters('$connections')['shared_sharepointonline_1']['connectionId']"},"api":{"runtimeUrl":"https://japan-001.azure-apim.net/apim/sharepointonline"}},"method":"get","path":"/datasets/@{encodeURIComponent(encodeURIComponent('https://iimhs365.sharepoint.com/sites/m365_test'))}/files/@{encodeURIComponent(items('テンプレートファイルのコピー')?['{Identifier}'])}/content","queries":{"inferContentType":true},"authentication":"@parameters('$authentication')"}},"ファイルの作成":{"runAfter":{"ファイル_コンテンツの取得":["Succeeded"]},"metadata":{"flowSystemMetadata":{"swaggerOperationId":"CreateFile"}},"type":"ApiConnection","inputs":{"host":{"connection":{"name":"@parameters('$connections')['shared_sharepointonline_1']['connectionId']"},"api":{"runtimeUrl":"https://japan-001.azure-apim.net/apim/sharepointonline"}},"method":"post","body":"@body('ファイル_コンテンツの取得')","path":"/datasets/@{encodeURIComponent(encodeURIComponent('https://iimhs365.sharepoint.com/sites/m365_test'))}/files","queries":{"folderPath":"/Shared Documents/13_Azure_VM自動化/10_申請パラメーター","name":"@{outputs('SharePoint_作成台帳を指定(項目により必要情報を入力)')?['body/ID']}_@{outputs('Azure仮想マシン作成申請Formsを選択(申請情報取得)')?['body/re55ea3b948cc494e897389090fe9bf8c']}.xlsx","queryParametersSingleEncoded":true},"authentication":"@parameters('$authentication')"},"runtimeConfiguration":{"contentTransfer":{"transferMode":"Chunked"}}}},"runAfter":{"テンプレートファイル情報取得":["Succeeded"]},"type":"Foreach"},"テンプレートファイルの戻し":{"runAfter":{"テンプレートファイルのコピー":["Succeeded"]},"metadata":{"01TOGEZYHPBK34FCHDPRAIV6XKAND6DPDS":"/13_Azure_VM自動化/00_フォーマット/【フォーマット】Azure_Serverパラメーター.xlsx","flowSystemMetadata":{"swaggerOperationId":"DeleteItem"}},"type":"ApiConnection","inputs":{"host":{"connection":{"name":"@parameters('$connections')['shared_excelonlinebusiness']['connectionId']"},"api":{"runtimeUrl":"https://japan-001.azure-apim.net/apim/excelonlinebusiness"}},"method":"delete","path":"/drives/@{encodeURIComponent('b!l-O4y6YEA0K16a313-wYeMKdGijvQZxKvHubnjtTrTNuoO_hT1QZTo3hBZwu2TOP')}/files/@{encodeURIComponent('01TOGEZYHPBK34FCHDPRAIV6XKAND6DPDS')}/tables/@{encodeURIComponent('{0E2D6698-86A5-4F68-BB40-BFAC1A94639A}')}/items/@{encodeURIComponent(encodeURIComponent(outputs('SharePoint_作成台帳を指定(項目により必要情報を入力)')?['body/ID']))}","queries":{"source":"groups/40b8f657-ff6b-462a-b7fd-d8467d71d4c7","idColumn":"ID"},"authentication":"@parameters('$authentication')","retryPolicy":{"type":"fixed","count":90,"interval":"PT05S"}}},"テンプレートへの反映待ち":{"runAfter":{"テンプレートへ申請情報書き込み":["Succeeded"]},"type":"Wait","inputs":{"interval":{"count":30,"unit":"Second"}}},"テンプレートへ申請情報書き込み":{"runAfter":{"AzureVM_OSの置換読み替え":["Succeeded"]},"metadata":{"01TOGEZYHEHK45KOQQPJBLM53PDCLEKUKK":"/日報フォルダ/01_全体日報.xlsx","tableId":"{0E2D6698-86A5-4F68-BB40-BFAC1A94639A}","01TOGEZYHPBK34FCHDPRAIV6XKAND6DPDS":"/13_Azure_VM自動化/00_フォーマット/【フォーマット】Azure_Serverパラメーター.xlsx"},"type":"OpenApiConnection","inputs":{"host":{"apiId":"/providers/Microsoft.PowerApps/apis/shared_excelonlinebusiness","connectionName":"shared_excelonlinebusiness","operationId":"AddRowV2"},"parameters":{"source":"sites/iimhs365.sharepoint.com,cbb8e397-04a6-4203-b5e9-adf5dfec1878,281a9dc2-41ef-4a9c-bc7b-9b9e3b53ad33","drive":"b!l-O4y6YEA0K16a313-wYeMKdGijvQZxKvHubnjtTrTNuoO_hT1QZTo3hBZwu2TOP","file":"01TOGEZYHPBK34FCHDPRAIV6XKAND6DPDS","table":"{0E2D6698-86A5-4F68-BB40-BFAC1A94639A}","item/resource-group":"@outputs('SharePoint_作成台帳を指定(項目により必要情報を入力)')?['body/OData__x30ea__x30bd__x30fc__x30b9__x30']","item/name":"@outputs('SharePoint_作成台帳を指定(項目により必要情報を入力)')?['body/Azure_x30b3__x30f3__x30bd__x30fc']","item/computer-name":"@outputs('SharePoint_作成台帳を指定(項目により必要情報を入力)')?['body/OData__x30db__x30b9__x30c8__x540d_']","item/image":"@body('AzureVM_OSの置換読み替え')?['Azure CLI(OS)']","item/admin-username":"@body('承認ステータスの更新(承認)')?['OData__x30ed__x30fc__x30ab__x30eb__x30']","item/admin-password":"@outputs('SharePoint_作成台帳を指定(項目により必要情報を入力)')?['body/OData__x30ed__x30fc__x30ab__x30eb__x300']","item/size":"@body('AzureVM_Sizeの置換読み込み')?['Azure CLI(Size)']","item/ID":"@outputs('SharePoint_作成台帳を指定(項目により必要情報を入力)')?['body/ID']"},"authentication":"@parameters('$authentication')"}}},"runAfter":{"承認を待機":["Succeeded"]},"else":{"actions":{"否認の送付(Teams)":{"runAfter":{},"type":"OpenApiConnection","inputs":{"host":{"apiId":"/providers/Microsoft.PowerApps/apis/shared_teams","connectionName":"shared_teams","operationId":"PostUserNotification"},"parameters":{"PostNotificationRequest/recipient/to":"@{outputs('【申請者】ユーザー_プロフィールの取得_(V2)')?['body/mail']};","PostNotificationRequest/messageBody":"以下申請が、上長より否認されました。  \n作業担当者からの連絡をお待ちください。  \n'  \n<依頼内容>  \n依頼者　　：  \nアドレス　：  \n依頼内容　：  \n申請理由　：  ","PostNotificationRequest/messageTitle":"【否認】@{outputs('SharePoint_作成台帳を指定(項目により必要情報を入力)')?['body/Title']} @{outputs('SharePoint_作成台帳を指定(項目により必要情報を入力)')?['body/OData__x4f9d__x983c__x5185__x5bb9_']}"},"authentication":"@parameters('$authentication')"}},"承認ステータスの更新(否認)":{"runAfter":{"否認の送付(メール)":["Succeeded"]},"metadata":{"flowSystemMetadata":{"swaggerOperationId":"PatchItem"}},"type":"ApiConnection","inputs":{"host":{"connection":{"name":"@parameters('$connections')['shared_sharepointonline']['connectionId']"},"api":{"runtimeUrl":"https://japan-001.azure-apim.net/apim/sharepointonline"}},"method":"patch","body":{"OData__x30b9__x30c6__x30fc__x30bf__x30":{"Value":"否認"}},"path":"/datasets/@{encodeURIComponent(encodeURIComponent('https://iimhs365.sharepoint.com/sites/m365_test'))}/tables/@{encodeURIComponent(encodeURIComponent('e9072574-e22e-4235-8a1a-3ea89c0c13e6'))}/items/@{encodeURIComponent(outputs('SharePoint_作成台帳を指定(項目により必要情報を入力)')?['body/ID'])}","authentication":"@parameters('$authentication')"}},"否認の送付(メール)":{"runAfter":{"否認の送付(Teams)":["Succeeded"]},"metadata":{"flowSystemMetadata":{"swaggerOperationId":"SendEmailV2"}},"type":"ApiConnection","inputs":{"host":{"connection":{"name":"@parameters('$connections')['shared_office365']['connectionId']"},"api":{"runtimeUrl":"https://japan-001.azure-apim.net/apim/office365"}},"method":"post","body":{"To":"test@test.co.jp","Subject":"【否認】@{outputs('SharePoint_作成台帳を指定(項目により必要情報を入力)')?['body/Title']} @{outputs('SharePoint_作成台帳を指定(項目により必要情報を入力)')?['body/OData__x4f9d__x983c__x5185__x5bb9_']}","Body":"<p>以下申請が、上長より否認されました。<br>\n作業担当者からの連絡をお待ちください。<br>\n<br>\n&lt;依頼内容&gt;<br>\n依頼者　　：<br>\nアドレス　：<br>\n依頼内容　：<br>\n申請理由　：</p>"},"path":"/v2/Mail","authentication":"@parameters('$authentication')"}}}},"expression":{"equals":["@outputs('承認を待機')?['body/outcome']","Approve"]},"type":"If"},"ID_変数を初期化する":{"runAfter":{},"type":"InitializeVariable","inputs":{"variables":[{"name":"ID","type":"string"}]}},"ID_変数の設定":{"runAfter":{"SharePoint_作成台帳を指定(項目により必要情報を入力)":["Succeeded"]},"type":"SetVariable","inputs":{"name":"ID","value":"@{outputs('SharePoint_作成台帳を指定(項目により必要情報を入力)')?['body/ID']}"}}},"description":"【お試し用】Azure仮想マシン作成ワークフロー\n<前提条件>\nダウンロード、適用後に設定項目の更新が必要\n単一申請に対する処理のみに対応\n※処理中に同時処理には対応しておりません。"},"connectionReferences":{"shared_teams":{"connectionName":"shared-teams-fec873ae-fc64-4b68-b947-0308cce88bd8","source":"Embedded","id":"/providers/Microsoft.PowerApps/apis/shared_teams","tier":"NotSpecified"},"shared_office365":{"connectionName":"shared-office365-e42ba4c7-0fe2-4e6d-b24f-75ab0a973d50","source":"Embedded","id":"/providers/Microsoft.PowerApps/apis/shared_office365","tier":"NotSpecified"},"shared_sharepointonline_1":{"connectionName":"shared-sharepointonl-6fa9d439-f7f3-4cb5-81d9-5c5028384aa7","source":"Embedded","id":"/providers/Microsoft.PowerApps/apis/shared_sharepointonline","tier":"NotSpecified"},"shared_excelonlinebusiness":{"connectionName":"shared-excelonlinebu-681e9b4f-59b3-4313-b5d3-8c6f277bc295","source":"Embedded","id":"/providers/Microsoft.PowerApps/apis/shared_excelonlinebusiness","tier":"NotSpecified"},"shared_sharepointonline":{"connectionName":"shared-sharepointonl-6fa9d439-f7f3-4cb5-81d9-5c5028384aa7","source":"Embedded","id":"/providers/Microsoft.PowerApps/apis/shared_sharepointonline","tier":"NotSpecified"},"shared_microsoftforms":{"connectionName":"shared-microsoftform-b5faf653-d5e5-4820-ab7b-f53a87342343","source":"Embedded","id":"/providers/Microsoft.PowerApps/apis/shared_microsoftforms","tier":"NotSpecified"},"shared_office365users":{"connectionName":"shared-office365user-b2cd8c08-22f2-4cb8-8855-2b57a56f505e","source":"Embedded","id":"/providers/Microsoft.PowerApps/apis/shared_office365users","tier":"NotSpecified"},"shared_approvals":{"connectionName":"shared-approvals-31629cbd-05be-4479-898b-92188399c9a6","source":"Embedded","id":"/providers/Microsoft.PowerApps/apis/shared_approvals","tier":"NotSpecified"}},"flowFailureAlertSubscribed":false}}